"","V1","V2","V3","V4","V5","V6","V7","V8","V9","V10","V11","V12","V13","V14","V15","V16","V17","V18","V19","V20","V21","V22","V23","V24","V25","V26","V27","V28","V29","V30","V31","V32","V33","V34","V35","V36","V37","V38","V39","V40","V41","V42","V43","V44","V45","V46","V47","V48","V49","V50","V51","V52","V53","V54","V55","V56","V57","V58","V59","V60","V61","V62","V63","V64","V65","V66","V67","V68","V69","V70","V71","V72","V73","V74","V75","V76","V77","V78","V79","V80","V81","V82","V83","V84","V85","V86","V87","V88","V89","V90","V91","V92","V93","V94","V95","V96","V97","V98","V99","V100"
"1",0.0365853658536585,0.198924731182796,0.0304054054054054,0.0170212765957447,0.328125,0.140625,0,0.0588235294117647,0,0.0169491525423729,1.18518518518519,0,0.113636363636364,0.419354838709677,0.157676348547718,0.15702479338843,0.297071129707113,0.0710382513661202,0.149193548387097,0,0.350710900473934,1.04166666666667,0.0137931034482759,0,0.32421875,0.244444444444444,0.0294117647058824,0.201219512195122,0.322834645669291,0.0428571428571429,0.0112359550561798,0.146443514644351,0.215469613259669,0.221719457013575,0.0625,1.04166666666667,0.415254237288136,0.45360824742268,1.02631578947368,0.0476190476190476,0.0119047619047619,0.0560747663551402,0.0062111801242236,0.0144927536231884,0.980769230769231,0.393939393939394,0,0.0104166666666667,1.27586206896552,1.28571428571429,0.00458715596330275,0.0367892976588629,0,0.484210526315789,0.483870967741935,0,0.00598802395209581,0.728682170542636,0.0476190476190476,0.0115606936416185,0.0594795539033457,0.483870967741935,1.04166666666667,1.04444444444444,0.588235294117647,0.157894736842105,0.0560747663551402,0.00429184549356223,0.0121212121212121,1.04166666666667,0.129032258064516,0.0103092783505155,0.0632911392405063,0.00425531914893617,0.00581395348837209,1.04166666666667,0.950617283950617,0.60952380952381,0.00740740740740741,1.15151515151515,0.0062111801242236,0.0104166666666667,0.358490566037736,0,0.00555555555555556,0.0659340659340659,0.0844444444444444,1.04347826086957,0.358490566037736,1.04166666666667,0.0515463917525773,0.111111111111111,1.02127659574468,0,0.0062111801242236,0.32156862745098,0.0476190476190476,0.05,1.08450704225352,0.316901408450704
"2",1,0,0.0126582278481013,1.26923076923077,1.15,0.6875,0.06,0.215859030837004,1.1,0.875,0.0348101265822785,0.728682170542636,0.37719298245614,1.27586206896552,0.00636942675159236,0.0806451612903226,0.00403225806451613,0.822916666666667,0.0561797752808989,0.010989010989011,0.05,0.319230769230769,0.458333333333333,0.0374149659863946,0.0666666666666667,0,0.0563380281690141,0.102040816326531,0.0102040816326531,0.0357142857142857,0.0537634408602151,0.691666666666667,0.568421052631579,1.10714285714286,0.00584795321637427,0.322834645669291,0,0.28042328042328,0.906976744186046,0.624,0.156378600823045,0.314285714285714,0.7109375,0.00543478260869565,0.0333333333333333,0.7,0.112426035502959,0.00609756097560976,0.0476190476190476,0.327354260089686,0.326923076923077,0.910714285714286,0.631578947368421,0.275132275132275,0.0487804878048781,0.334600760456274,0.350710900473934,0.0833333333333333,0.0040650406504065,1.01587301587302,0.727272727272727,0,0.0566037735849057,0.0062111801242236,0.0993377483443709,1.20588235294118,0.0062111801242236,0.283783783783784,0.156378600823045,0.0560747663551402,0.330798479087452,1.04444444444444,1.04166666666667,1.06896551724138,0.540229885057471,0.322834645669291,1.08333333333333,0.155172413793103,1.04166666666667,0.0481927710843374,0.0560747663551402,0.333333333333333,0.0948905109489051,0.325581395348837,0.404761904761905,0.0116959064327485,1.27586206896552,0.00558659217877095,1.02272727272727,0.05,0.032069970845481,0.515151515151515,0.233480176211454,0.906976744186046,0.32258064516129,0.00588235294117647,0.507462686567164,0.0948905109489051,0,0
"3",0.0294117647058824,0.415730337078652,0.503030303030303,0.0980392156862745,0.0697674418604651,0.0121212121212121,0.1,0,0.208144796380091,0.274725274725275,0.432835820895522,0.15702479338843,0,0.0454545454545455,0.753968253968254,0.728682170542636,0.660377358490566,1.07407407407407,0.617283950617284,0.833333333333333,1.04444444444444,0.0298507462686567,1.04347826086957,0.439393939393939,0.00769230769230769,0.258064516129032,0.460431654676259,0.411764705882353,1.04166666666667,0.464135021097046,0.163701067615658,0.00581395348837209,0.0317460317460317,0.9,0.314516129032258,0.0102040816326531,1.13157894736842,0,0.00398406374501992,1.16666666666667,0,0.0062111801242236,0.257142857142857,1.02127659574468,0.166064981949458,0,1,0.333333333333333,0,0,1.04444444444444,1.07142857142857,0.345132743362832,0,1.1875,1.04444444444444,0.05,0,0.624,0.135802469135802,0.072463768115942,0.275132275132275,0.00606060606060606,0.0560747663551402,1.19444444444444,0.634615384615385,0.0632911392405063,0.5,0.258064516129032,0.0062111801242236,1.04444444444444,0.0625,0.0062111801242236,0.935483870967742,0.0921052631578947,0.00628930817610063,0.160714285714286,0.016304347826087,0.0560747663551402,0.47787610619469,1.04166666666667,1.04444444444444,1.02272727272727,0.00497512437810945,0.201550387596899,0.0602409638554217,0.0561797752808989,0.424242424242424,0.00598802395209581,0.317073170731707,0.73972602739726,0.720930232558139,0.0144927536231884,1.02631578947368,0.0560747663551402,0.0602409638554217,0.223404255319149,0.00598802395209581,0.219298245614035,0.0515463917525773
"4",0.0973684210526316,0.983606557377049,0.05,0.645161290322581,0,0,0.73202614379085,1.06410256410256,0.00571428571428571,1.04761904761905,0.0333333333333333,0.0149253731343284,1.04444444444444,0.0165745856353591,0.0731707317073171,0.0145985401459854,1.20833333333333,0,0.918367346938776,0.974358974358974,0.0948905109489051,0.0512820512820513,0.25,0.1875,0,1,0.368421052631579,0.00436681222707424,0.0062111801242236,0.0566037735849057,0.976744186046512,0.8,0,0.031496062992126,1.04166666666667,0.0657894736842105,0.200934579439252,0.0338983050847458,0.0588235294117647,0.0939597315436242,0.258064516129032,0.0632911392405063,0.156378600823045,0.233480176211454,0.0112994350282486,0.0602409638554217,0.555555555555556,1.04444444444444,0.447761194029851,0.0588235294117647,0.0394736842105263,0.0143884892086331,0.433333333333333,0.0602409638554217,0,0.0476190476190476,0.0948905109489051,0.0143884892086331,1.16666666666667,0.486111111111111,0.0576923076923077,0.0602409638554217,0.0657894736842105,0.0632911392405063,0.203007518796992,0,0.314285714285714,1.12121212121212,0,0.0632911392405063,0,0.0062111801242236,0.0560747663551402,0.206422018348624,1.015625,0.0617283950617284,0.0224719101123595,0.0141843971631206,0.313253012048193,0.260606060606061,0.314285714285714,0.00609756097560976,0.05,1.04255319148936,1.03508771929825,1.04166666666667,0.0115606936416185,0.27027027027027,0.0948905109489051,0.00628930817610063,0.422018348623853,0,0.00543478260869565,0.0588235294117647,0.0632911392405063,0.0119047619047619,0,0.350710900473934,0.48,0.338709677419355
"5",0.87962962962963,1.25,1.075,0.203007518796992,0.314685314685315,0.65,0.0608365019011407,1,0.694117647058824,0.0428571428571429,0.790697674418605,0.0793650793650794,0.00446428571428571,0.308411214953271,0.0266666666666667,0,0.0394736842105263,0.111111111111111,0.0115606936416185,0.208144796380091,0.00598802395209581,0,0.0110497237569061,0.953125,1.04166666666667,1.07142857142857,1.21212121212121,1,0.0632911392405063,0.220338983050847,1,0,1.2,0.00490196078431373,0.051948051948052,0.00609756097560976,0.0459770114942529,1.2258064516129,0.246636771300448,0.0040650406504065,0.7109375,1.04166666666667,0,0.795454545454545,0.840909090909091,0.0172413793103448,0.530864197530864,0.0625,0.313364055299539,0.409836065573771,0.0731707317073171,0.454545454545455,0,1.24137931034483,0.275132275132275,0,1.04444444444444,0.157676348547718,0.0939597315436242,0.0561797752808989,0,1.19354838709677,0.314285714285714,0.32258064516129,0.0170212765957447,0.0588235294117647,1.04166666666667,0.0365853658536585,0.7109375,0.314285714285714,0.00436681222707424,0.330739299610895,0.314285714285714,0.0416666666666667,0.0561797752808989,0.0102040816326531,0.0112359550561798,1.19444444444444,0.0396039603960396,0,0.0632911392405063,0.0625,0.00598802395209581,0.116279069767442,0.0135135135135135,0.307692307692308,0.612903225806452,0.015748031496063,0.05,0.0560747663551402,1.27777777777778,0.0117647058823529,0.795454545454545,0.246696035242291,1.04444444444444,1.04166666666667,1.07272727272727,1.04444444444444,0,1.04444444444444
"6",1.31707317073171,0.0967741935483871,0.233108108108108,0.31063829787234,0.140625,0.37890625,0.283783783783784,1.16470588235294,1.13178294573643,0.313559322033898,0.777777777777778,0.513888888888889,0.522727272727273,0.419354838709677,0.319502074688797,0.338842975206612,0.0836820083682008,0.210382513661202,0.334677419354839,1.07801418439716,0.123222748815166,0.729166666666667,1.10344827586207,0.911764705882353,0.125,0.133333333333333,0.223529411764706,0.152439024390244,0.118110236220472,0,0.0561797752808989,0.334728033472803,0.138121546961326,0.144796380090498,1.16666666666667,0.729166666666667,0.415254237288136,0.639175257731959,0.842105263157895,1.1547619047619,0.0595238095238095,0.88785046728972,0.0248447204968944,1.17391304347826,0.0384615384615385,1.93939393939394,0.417508417508417,0.854166666666667,0.758620689655172,0.785714285714286,0.270642201834862,0.210702341137124,0.350785340314136,0.515789473684211,0.516129032258065,0.334745762711864,0.0359281437125748,0.333333333333333,1.1547619047619,0.0578034682080925,0,0.516129032258065,0.729166666666667,0.755555555555556,0.223529411764706,0.111111111111111,0.88785046728972,0.270386266094421,0.0424242424242424,0.729166666666667,0.838709677419355,0.876288659793814,1.18987341772152,0.285106382978723,0.0581395348837209,0.729166666666667,0.259259259259259,0.19047619047619,0.0222222222222222,0.727272727272727,0,0.854166666666667,0.122641509433962,0.615384615384615,0.0722222222222222,0.868131868131868,0.351111111111111,0.782608695652174,0.122641509433962,0.729166666666667,1.14432989690722,0.386831275720165,0.787234042553192,0.319838056680162,0,0.117647058823529,1.1547619047619,1.2125,0.267605633802817,0.140845070422535
"7",5,0.423333333333333,0.329113924050633,0.884615384615385,0.725,0.21875,1.05,0.140969162995595,0.766666666666667,0.05,0.256329113924051,0.333333333333333,0.153508771929825,0.827586206896552,0.0445859872611465,1.29032258064516,0.310483870967742,0.135416666666667,1.20224719101124,0.0659340659340659,1.2125,0.130769230769231,0.0104166666666667,0.187074829931973,0.36,0.433656957928803,0.957746478873239,0.591836734693878,0.887755102040816,0.107142857142857,1.21505376344086,0.166666666666667,0.189473684210526,0.785714285714286,0,0.118110236220472,0.0546448087431694,0.00529100529100529,0.0465116279069767,0.304,0.316872427983539,0.0897959183673469,0.328125,0.0597826086956522,1.2,0.233333333333333,0.0177514792899408,0.0182926829268293,1.1547619047619,0.0986547085201794,0.134615384615385,0.0357142857142857,0.276315789473684,0.0105820105820106,1.14634146341463,0.136882129277567,0.123222748815166,1.28333333333333,0.313008130081301,0.333333333333333,0.305194805194805,0.323770491803279,0.886792452830189,0,0.701986754966887,0.735294117647059,0,0.0135135135135135,0.316872427983539,0.88785046728972,0.133079847908745,0.755555555555556,0.729166666666667,0.793103448275862,0.344827586206897,0.118110236220472,1.83333333333333,0.114942528735632,0.729166666666667,1.1566265060241,0.88785046728972,0.12156862745098,0.605839416058394,0.135658914728682,0.0793650793650794,0.0175438596491228,0.655172413793103,0.0614525139664804,0.772727272727273,1.1625,0.201166180758017,1.96969696969697,0.149779735682819,0.0465116279069767,0.092741935483871,0.0176470588235294,0.238805970149254,0.605839416058394,0.343220338983051,0.288793103448276
"8",0.220588235294118,0.932584269662921,0.212121212121212,0.699346405228758,1.16279069767442,0.0424242424242424,1.46,0.318548387096774,0.122171945701357,0.153846153846154,0.455223880597015,0.338842975206612,0.939393939393939,1.09090909090909,0.357142857142857,0.333333333333333,1.05660377358491,1.18518518518519,0.518518518518518,1.77777777777778,0.755555555555556,0.194029850746269,0.782608695652174,0.356060606060606,0,1.74193548387097,0.0215827338129496,2.76470588235294,0.729166666666667,0.189873417721519,0.309608540925267,0.0581395348837209,0.76984126984127,0.266666666666667,0.092741935483871,0.887755102040816,0.763157894736842,0.4,0.314741035856574,0.777777777777778,1.28571428571429,0,0.857142857142857,0.787234042553192,0.292418772563177,1.05970149253731,0.0526315789473684,0.12156862745098,0.325102880658436,0.325102880658436,0.755555555555556,1.78571428571429,0.128318584070796,0.323770491803279,0.71875,0.755555555555556,1.2125,0.549295774647887,0.304,0.333333333333333,1,0.0105820105820106,0.0242424242424242,0.88785046728972,0.805555555555556,0.230769230769231,1.18987341772152,1.1,0.870967741935484,0,0.755555555555556,1.2,0,0.241935483870968,0.337719298245614,0,0.307142857142857,0.0815217391304348,1.04672897196262,0.415929203539823,0.729166666666667,0.755555555555556,0.772727272727273,0.328358208955224,0.13953488372093,1.28915662650602,1.21348314606742,0.818181818181818,0.0359281437125748,0.0934959349593496,0.0958904109589041,0.124031007751938,1.17391304347826,0.842105263157895,0.88785046728972,1.28915662650602,0.138297872340426,0.0359281437125748,0.144736842105263,1.1340206185567
"9",0.207894736842105,0.0819672131147541,1.41666666666667,0.258064516129032,0.325102880658436,0.901408450704225,0.30718954248366,0.333333333333333,0.0514285714285714,0.80952380952381,0.675,0.0298507462686567,0.755555555555556,0.0828729281767956,0.414634146341463,0.0510948905109489,0.583333333333333,0.924528301886792,0.0816326530612245,0.243589743589744,0.605839416058394,1.33333333333333,0.197674418604651,0.625,1.16030534351145,0.0491803278688525,1.33333333333333,0.270742358078603,0,1.0377358490566,0.302325581395349,1.48,0.389162561576355,0.881889763779528,0.729166666666667,1.19736842105263,0.210280373831776,0.669491525423729,1.15294117647059,0.0402684563758389,0.870967741935484,1.18987341772152,0.316872427983539,0.149779735682819,0.0564971751412429,0.216867469879518,1.91666666666667,0.755555555555556,0.477611940298507,1.15294117647059,1.32894736842105,0.776978417266187,2.06666666666667,1.1566265060241,0.323770491803279,1.1547619047619,0.605839416058394,0.0503597122302158,0.777777777777778,0.361111111111111,1.16346153846154,1.1566265060241,1.19736842105263,1.18987341772152,0.142857142857143,0.321138211382114,0.0897959183673469,0.666666666666667,1.27397260273973,1.18987341772152,1.27777777777778,0,0.88785046728972,0.146788990825688,0.328125,1.16049382716049,1.20224719101124,1.14893617021277,0.0923694779116466,0.0121212121212121,0.0897959183673469,0.0182926829268293,1.2125,0.702127659574468,0.754385964912281,0.729166666666667,0.0578034682080925,0.0045045045045045,0.605839416058394,0,0.422018348623853,0.938461538461538,0.0597826086956522,1.15294117647059,1.18987341772152,0.845238095238095,0.321138211382114,0.123222748815166,2.24,0.120967741935484
"10",0.314814814814815,3.25,0.775,0.142857142857143,0.13986013986014,2.5,0,5,0.482352941176471,0.771428571428571,0.0465116279069767,1.26984126984127,0.272321428571429,0.0607476635514019,1.33333333333333,0.485714285714286,1.03947368421053,0.577777777777778,0.0578034682080925,0.14027149321267,0.0359281437125748,0.320855614973262,0.0828729281767956,0.328125,0.729166666666667,1.78571428571429,0.696969696969697,0.301204819277108,1.18987341772152,1.49152542372881,5,1.17857142857143,0.771428571428571,0.313725490196078,0.987012987012987,0.0182926829268293,1.29885057471264,0.709677419354839,0.15695067264574,0.313008130081301,0.328125,0.729166666666667,1.27397260273973,0.0454545454545455,1.02272727272727,0.0689655172413793,0.580246913580247,1.2,0.0737327188940092,0.409836065573771,0.414634146341463,0.363636363636364,0.572649572649573,0.689655172413793,0.0105820105820106,0,0.755555555555556,0.33195020746888,0.0402684563758389,1.21348314606742,0.204545454545455,0.67741935483871,0.0897959183673469,0.092741935483871,0.31063829787234,1.16470588235294,0.729166666666667,0.98780487804878,0.328125,0.0897959183673469,0.25764192139738,0.120622568093385,0.0897959183673469,1.13541666666667,1.21348314606742,0.887755102040816,0.0561797752808989,0.805555555555556,0.722772277227723,0.313008130081301,1.18987341772152,1.2,0.0359281437125748,1.30232558139535,1.09459459459459,0.0890688259109312,0.241935483870968,1.13385826771654,1.2125,0.88785046728972,0.722222222222222,0.0588235294117647,0.0454545454545455,0.154185022026432,0.755555555555556,0.729166666666667,0.509090909090909,0.755555555555556,0.7125,0.755555555555556
"11",0.024390243902439,0.134408602150538,0.0506756756756757,0.0425531914893617,0.421875,0.0859375,0.0135135135135135,0.0352941176470588,0.00775193798449612,0.0423728813559322,0.740740740740741,0.0138888888888889,0.0227272727272727,0.241935483870968,0.103734439834025,0.0909090909090909,0.347280334728033,0.0519125683060109,0.0846774193548387,0.0141843971631206,0.417061611374408,0.75,0.0137931034482759,0.0196078431372549,0.34375,0.12,0.0323529411764706,0.115853658536585,0.34251968503937,0.0761904761904762,0.050561797752809,0.0878661087866109,0.104972375690608,0.104072398190045,0.0104166666666667,0.75,0.186440677966102,0.195876288659794,0.605263157894737,0.0357142857142857,0.0476190476190476,0.0373831775700935,0.0496894409937888,0.0144927536231884,1.55769230769231,0.121212121212121,0.0303030303030303,0.03125,0.96551724137931,0.964285714285714,0.0412844036697248,0.0568561872909699,0.0418848167539267,0.2,0.172043010752688,0,0.0479041916167665,0.813953488372093,0.0357142857142857,0.046242774566474,0.0706319702602231,0.172043010752688,0.75,0.8,0.847058823529412,0.0701754385964912,0.0373831775700935,0.0386266094420601,0.0484848484848485,0.75,0.032258064516129,0.0309278350515464,0.0379746835443038,0.0425531914893617,0.0465116279069767,0.75,1.18518518518519,0.828571428571429,0.0740740740740741,0.96969696969697,0.0496894409937888,0.03125,0.419811320754717,0.021978021978022,0.0444444444444444,0.032967032967033,0.0488888888888889,0.782608695652174,0.419811320754717,0.75,0.0309278350515464,0.0534979423868313,0.574468085106383,0.0445344129554656,0.0496894409937888,0.345098039215686,0.0357142857142857,0.0375,1.19718309859155,0.253521126760563
"12",0,0.0333333333333333,0.0253164556962025,0.807692307692308,0.875,0.796875,0.01,0.162995594713656,0.766666666666667,1.75,0.0506329113924051,0.813953488372093,0.390350877192982,0.931034482758621,0.0573248407643312,0.0483870967741935,0.0362903225806452,1.08333333333333,0.0449438202247191,0.0549450549450549,0.0375,0.338461538461538,0.791666666666667,0.0612244897959184,0.0266666666666667,0.0420711974110032,0.028169014084507,0.0680272108843537,0.0408163265306122,0,0.032258064516129,0.816666666666667,0.810526315789474,0.714285714285714,0.064327485380117,0.34251968503937,0.0273224043715847,0.423280423280423,1.72093023255814,0.656,0.0905349794238683,0.355102040816327,0.8125,0.0543478260869565,0.0333333333333333,0.753333333333333,0.0710059171597633,0.0487804878048781,0.0357142857142857,0.381165919282511,0.342307692307692,1.51785714285714,0.592105263157895,0.423280423280423,0.0365853658536585,0.334600760456274,0.417061611374408,0.05,0.0447154471544715,1.3968253968254,0.746753246753247,0.0327868852459016,0.0377358490566038,0.0496894409937888,0.0596026490066225,0.852941176470588,0.0496894409937888,0.369369369369369,0.0905349794238683,0.0373831775700935,0.342205323193916,0.8,0.75,0.724137931034483,0.252873563218391,0.34251968503937,0.416666666666667,0.0632183908045977,0.75,0.036144578313253,0.0373831775700935,0.341176470588235,0.0218978102189781,0.344961240310078,0.53968253968254,0.0409356725146199,0.96551724137931,0.0502793296089385,0.795454545454545,0.025,0.0466472303206997,0.181818181818182,0.110132158590308,1.72093023255814,0.350806451612903,0.0411764705882353,0.298507462686567,0.0218978102189781,0.0423728813559322,0.0387931034482759
"13",0.0147058823529412,0.157303370786517,0.533333333333333,0.065359477124183,0.0465116279069767,0.0484848484848485,0.04,0.0403225806451613,0.104072398190045,0.120879120879121,0.186567164179104,0.0909090909090909,0.0202020202020202,0.012987012987013,0.801587301587302,0.813953488372093,0.358490566037736,0.444444444444444,0.320987654320988,0.277777777777778,0.8,0.0298507462686567,0.782608695652174,0.212121212121212,0.0769230769230769,0.0967741935483871,0.633093525179856,0,0.75,0.489451476793249,0.0925266903914591,0.0465116279069767,0.0317460317460317,1.36666666666667,0.354838709677419,0.0408163265306122,0.868421052631579,0.0390243902439024,0.0438247011952191,0.833333333333333,0.0285714285714286,0.0496894409937888,0.0571428571428571,0.574468085106383,0.101083032490975,0.0298507462686567,1.50877192982456,0.341176470588235,0.0329218106995885,0.0329218106995885,0.8,0.428571428571429,0.349557522123894,0.0327868852459016,0.96875,0.8,0.0375,0.0140845070422535,0.656,0.106995884773663,0.0289855072463768,0.423280423280423,0.0484848484848485,0.0373831775700935,0.805555555555556,0.798076923076923,0.0379746835443038,0.2,0.0645161290322581,0.0496894409937888,0.8,0.05,0.0496894409937888,1.30645161290323,0.0701754385964912,0.050314465408805,0.0892857142857143,0.0489130434782609,0.00934579439252336,0.194690265486726,0.75,0.8,0.795454545454545,0.0447761194029851,0.147286821705426,0.0481927710843374,0.0337078651685393,0.151515151515152,0.0479041916167665,0.357723577235772,1.20547945205479,0.844961240310077,0.0144927536231884,0.605263157894737,0.0373831775700935,0.0481927710843374,0.122340425531915,0.0479041916167665,0.162280701754386,0.0412371134020619
"14",0.0789473684210526,1.40983606557377,0.0333333333333333,0.849462365591398,0.0329218106995885,0.0422535211267606,0.751633986928105,1.12820512820513,0.04,0.642857142857143,0.025,0.0522388059701493,0.8,0.0331491712707182,0.024390243902439,0.0510948905109489,1.04166666666667,0.0188679245283019,1.61224489795918,1.21794871794872,0.0218978102189781,0.0384615384615385,0.0988372093023256,0.0416666666666667,0.0152671755725191,1.45901639344262,0.140350877192982,0.0436681222707424,0.0496894409937888,0.00943396226415094,1.16279069767442,0.32,0.0443349753694581,0.0236220472440945,0.75,0.0394736842105263,0.350467289719626,0.0169491525423729,0.0470588235294118,0.0805369127516778,0.0645161290322581,0.0379746835443038,0.0905349794238683,0.110132158590308,0.0451977401129944,0.0542168674698795,0.138888888888889,0.8,0.208955223880597,0.0470588235294118,0.0394736842105263,0.0287769784172662,0.133333333333333,0.036144578313253,0.0327868852459016,0.0357142857142857,0.0218978102189781,0.0503597122302158,0.833333333333333,0.180555555555556,0.00961538461538462,0.036144578313253,0.0394736842105263,0.0379746835443038,0.135338345864662,0.0447154471544715,0.355102040816327,0.939393939393939,0.0273972602739726,0.0379746835443038,0.0277777777777778,0.0496894409937888,0.0373831775700935,0.105504587155963,1.390625,0.037037037037037,0.0337078651685393,0.0141843971631206,0.357429718875502,0.436363636363636,0.355102040816327,0.0487804878048781,0.0375,0.765957446808511,0.719298245614035,0.75,0.046242774566474,0.369369369369369,0.0218978102189781,0.050314465408805,0.137614678899083,0.0307692307692308,0.0543478260869565,0.0470588235294118,0.0379746835443038,0.0357142857142857,0.0447154471544715,0.417061611374408,0.16,0.42741935483871
"15",0.972222222222222,0.75,0.775,0.135338345864662,0.258741258741259,0.15,0.0722433460076046,0,0.988235294117647,0.0642857142857143,1.72093023255814,0.0476190476190476,0.0446428571428571,0.411214953271028,0.0266666666666667,0.0142857142857143,0.0263157894736842,0.0222222222222222,0.046242774566474,0.117647058823529,0.0479041916167665,0.0481283422459893,0.0386740331491713,1.375,0.75,0.428571428571429,0.878787878787879,1.19277108433735,0.0379746835443038,0.0847457627118644,0,0.0357142857142857,0.828571428571429,0.0490196078431373,0.025974025974026,0.0487804878048781,0.0344827586206897,0.935483870967742,0.116591928251121,0.0447154471544715,0.8125,0.75,0.0273972602739726,1.68181818181818,0.409090909090909,0.0172413793103448,0.320987654320988,0.05,0.391705069124424,0.229508196721311,0.024390243902439,0.196969696969697,0.0170940170940171,0.96551724137931,0.423280423280423,0.916666666666667,0.8,0.0912863070539419,0.0805369127516778,0.0337078651685393,0.0227272727272727,1,0.355102040816327,0.350806451612903,0.0425531914893617,0.0352941176470588,0.75,0.024390243902439,0.8125,0.355102040816327,0.0393013100436681,0.33852140077821,0.355102040816327,0.03125,0.0337078651685393,0.0408163265306122,0.050561797752809,0.805555555555556,0.0198019801980198,0.0365853658536585,0.0379746835443038,0.05,0.0479041916167665,0.0465116279069767,0.0135135135135135,0.356275303643725,0.709677419354839,0.0078740157480315,0.0375,0.0373831775700935,0.888888888888889,0.0470588235294118,1.68181818181818,0.114537444933921,0.8,0.75,1.47272727272727,0.8,0.025,0.8
"16",0.219512195121951,0.236559139784946,0.0709459459459459,0.0765957446808511,0.4453125,0.28125,0.135135135135135,0.223529411764706,0.186046511627907,0.076271186440678,1.62962962962963,0.208333333333333,0.0909090909090909,1.5,0.298755186721992,0.297520661157025,0.317991631799163,0.240437158469945,0.282258064516129,0.226950354609929,0.492890995260663,1.70833333333333,0.220689655172414,0.147058823529412,0.40234375,0.431111111111111,0.05,0.548780487804878,0.405511811023622,0.0380952380952381,0.0393258426966292,0.297071129707113,0.320441988950276,0.457013574660633,0.270833333333333,1.70833333333333,1.14406779661017,1.2680412371134,1.76315789473684,0.214285714285714,0.0297619047619048,0.271028037383178,0.0062111801242236,0.195652173913043,0.346153846153846,0.666666666666667,0.0841750841750842,0.208333333333333,1.48275862068966,1.46428571428571,0.0871559633027523,0.0535117056856187,0.0994764397905759,1.30526315789474,1.29032258064516,0.0805084745762712,0.029940119760479,1,0.214285714285714,0.0404624277456647,0.0966542750929368,1.29032258064516,1.70833333333333,1.68888888888889,0.764705882352941,0.251461988304094,0.271028037383178,0.0729613733905579,0.0121212121212121,1.70833333333333,0.0967741935483871,0.206185567010309,0.20253164556962,0.0808510638297872,0.0348837209302326,1.70833333333333,0.91358024691358,0.733333333333333,0.00740740740740741,1.54545454545455,0.0186335403726708,0.208333333333333,0.5,0.10989010989011,0.0166666666666667,0.307692307692308,0.231111111111111,1.65217391304348,0.5,1.70833333333333,0.195876288659794,0.251028806584362,1.70212765957447,0.0769230769230769,0.0186335403726708,0.403921568627451,0.214285714285714,0.2,0.985915492957746,0.415492957746479
"17",5,0.0933333333333333,0.164556962025316,1.46153846153846,1.75,0.8671875,0.36,0.427312775330396,1.93333333333333,0.15,0.060126582278481,1,0.486842105263158,1.41379310344828,0.0254777070063694,0.112903225806452,0.0766129032258065,0.583333333333333,0.191011235955056,0.021978021978022,0.2,0.4,0.0416666666666667,0.054421768707483,0.0533333333333333,0.0906148867313916,0.169014084507042,0.163265306122449,0.214285714285714,0.107142857142857,0.182795698924731,0.85,0.715789473684211,2,0.0350877192982456,0.405511811023622,0.0601092896174863,0.121693121693122,0.27906976744186,0.84,0.296296296296296,0.387755102040816,0.9921875,0.016304347826087,0.155555555555556,0.886666666666667,0.236686390532544,0.0182926829268293,0.214285714285714,0.242152466367713,0.423076923076923,0.375,1.28947368421053,0.116402116402116,0.182926829268293,0.425855513307985,0.492890995260663,0.116666666666667,0.0772357723577236,0.682539682539683,0.954545454545455,0.0778688524590164,0.273584905660377,0.0186335403726708,0.185430463576159,1.79411764705882,0.0186335403726708,0.27027027027027,0.296296296296296,0.271028037383178,0.425855513307985,1.68888888888889,1.70833333333333,1.93103448275862,1.28735632183908,0.405511811023622,1.83333333333333,0.298850574712644,1.70833333333333,0.192771084337349,0.271028037383178,0.427450980392157,0.175182481751825,0.410852713178295,0.349206349206349,0.0233918128654971,1.62068965517241,0.0167597765363128,1.68181818181818,0.2125,0.0553935860058309,1.24242424242424,0.480176211453745,0.27906976744186,0.407258064516129,0.0176470588235294,1.25373134328358,0.175182481751825,0.0805084745762712,0.0818965517241379
"18",0.0588235294117647,1.21348314606742,0.715151515151515,0.183006535947712,0.232558139534884,0.0303030303030303,0.12,0.0766129032258065,0.457013574660633,0.554945054945055,1.08208955223881,0.297520661157025,0.151515151515152,0.266233766233766,1.03174603174603,1,1.56603773584906,2.18518518518519,1.45679012345679,1.22222222222222,1.68888888888889,0.0597014925373134,1.65217391304348,1.0530303030303,0.0538461538461538,1.19354838709677,0.546762589928058,0.941176470588235,1.70833333333333,0.683544303797468,0.384341637010676,0.0348837209302326,0.142857142857143,0.516666666666667,0.387096774193548,0.214285714285714,1.71052631578947,0.0926829268292683,0.0756972111553785,1.72222222222222,0.214285714285714,0.0186335403726708,0.2,1.70212765957447,0.364620938628159,0.208955223880597,0.543859649122807,0.427450980392157,0.0781893004115226,0.0781893004115226,1.68888888888889,1.78571428571429,0.300884955752212,0.0778688524590164,1.53125,1.68888888888889,0.2,0.140845070422535,0.84,0.246913580246914,0.231884057971014,0.116402116402116,0.0181818181818182,0.271028037383178,1.72222222222222,0.798076923076923,0.20253164556962,1.15714285714286,0.193548387096774,0.0186335403726708,1.68888888888889,0.2125,0.0186335403726708,0.580645161290323,0.197368421052632,0.00628930817610063,0.382142857142857,0.0271739130434783,0.289719626168224,1.2212389380531,1.70833333333333,1.68888888888889,1.68181818181818,0.0945273631840796,0.395348837209302,0.204819277108434,0.191011235955056,1.16666666666667,0.029940119760479,0.390243902439024,0.301369863013699,0.813953488372093,0.195652173913043,1.76315789473684,0.271028037383178,0.204819277108434,0.313829787234043,0.029940119760479,0.434210526315789,0.195876288659794
"19",0.252631578947368,0.491803278688525,0.0833333333333333,0.956989247311828,0.0781893004115226,0.197183098591549,0.96078431372549,1.02564102564103,0.0171428571428571,1.73809523809524,0.1,0.0149253731343284,1.68888888888889,0.0276243093922652,0.0975609756097561,0.0364963503649635,1.5,0.169811320754717,0.26530612244898,0.935897435897436,0.175182481751825,0.205128205128205,0.633720930232558,0.145833333333333,0.221374045801527,0.622950819672131,1.08771929824561,0.0698689956331878,0.0186335403726708,0.264150943396226,0.965116279069767,1.28,0.0935960591133005,0.141732283464567,1.70833333333333,0.210526315789474,0,0.101694915254237,0.223529411764706,0.140939597315436,0.193548387096774,0.20253164556962,0.296296296296296,0.480176211453745,0.0395480225988701,0.159638554216867,1.44444444444444,1.68888888888889,1.44776119402985,0.223529411764706,0.210526315789474,0.122302158273381,0.933333333333333,0.192771084337349,0.0778688524590164,0.214285714285714,0.175182481751825,0.0503597122302158,1.72222222222222,1.36111111111111,0.346153846153846,0.192771084337349,0.210526315789474,0.20253164556962,0.390977443609023,0.0772357723577236,0.387755102040816,1.72727272727273,0.246575342465753,0.20253164556962,0.208333333333333,0.0186335403726708,0.271028037383178,0.440366972477064,0.703125,0.222222222222222,0.168539325842697,0.205673758865248,0.385542168674699,0.00606060606060606,0.387755102040816,0.0182926829268293,0.2,1.72340425531915,1.6140350877193,1.70833333333333,0.0404624277456647,0.256756756756757,0.175182481751825,0.00628930817610063,1.22935779816514,0.2,0.016304347826087,0.223529411764706,0.20253164556962,0.238095238095238,0.0772357723577236,0.492890995260663,1,0.419354838709677
"20",0.898148148148148,3.75,1.7,0.390977443609023,0.412587412587413,1.15,0.0988593155893536,5,0.458823529411765,0.192857142857143,0.116279069767442,0.111111111111111,0.0848214285714286,0.210280373831776,0.2,0.171428571428571,0.144736842105263,0.0888888888888889,0.0404624277456647,0.425339366515837,0.029940119760479,0.101604278074866,0.0220994475138122,0.75,1.70833333333333,1.78571428571429,1.75757575757576,0.951807228915663,0.20253164556962,0.406779661016949,5,0.166666666666667,1.77142857142857,0.0931372549019608,0.194805194805195,0.0182926829268293,0.160919540229885,1.54838709677419,0.484304932735426,0.0772357723577236,0.9921875,1.70833333333333,0.246575342465753,0.136363636363636,1.93181818181818,0.0517241379310345,0.950617283950617,0.2125,0.221198156682028,1.50819672131148,0.0975609756097561,1.10606060606061,0.102564102564103,1.51724137931034,0.116402116402116,0,1.68888888888889,0.298755186721992,0.140939597315436,0.191011235955056,0,1.54838709677419,0.387755102040816,0.407258064516129,0.0765957446808511,0.223529411764706,1.70833333333333,0.121951219512195,0.9921875,0.387755102040816,0.0829694323144105,0.424124513618677,0.387755102040816,0.1875,0.191011235955056,0.214285714285714,0.0393258426966292,1.72222222222222,0.148514851485149,0.0772357723577236,0.20253164556962,0.2125,0.029940119760479,0.209302325581395,0.236486486486486,0.380566801619433,0.82258064516129,0.094488188976378,0.2,0.271028037383178,1.72222222222222,0.0294117647058824,0.136363636363636,0.475770925110132,1.68888888888889,1.70833333333333,0.818181818181818,1.68888888888889,0.15,1.68888888888889
"21",0.902439024390244,0.032258064516129,0.0304054054054054,0.468085106382979,0.0390625,0.08984375,0.851351351351351,1.05882352941176,0.48062015503876,0.470338983050847,0.444444444444444,0.958333333333333,0.818181818181818,0.0967741935483871,0.016597510373444,0.0165289256198347,0.0125523012552301,0.0245901639344262,0.0443548387096774,0.468085106382979,0.018957345971564,0.395833333333333,0.524137931034483,0.852941176470588,0.0234375,0.0266666666666667,0.147058823529412,0.024390243902439,0.0196850393700787,0.166666666666667,0.207865168539326,0.0334728033472803,0.0220994475138122,0.0180995475113122,0.15625,0.395833333333333,0.0593220338983051,0.0927835051546392,0.421052631578947,1.04761904761905,0.172619047619048,0.196261682242991,0.180124223602484,0.536231884057971,0.0576923076923077,1.12121212121212,0.363636363636364,0.21875,0.482758620689655,0.5,0.155963302752294,0.0334448160535117,0.0366492146596859,0.0947368421052632,0.0967741935483871,0.207627118644068,0.191616766467066,0.147286821705426,1.04761904761905,0.190751445086705,0.00743494423791822,0.0967741935483871,0.395833333333333,0.422222222222222,0.0941176470588235,0.0233918128654971,0.196261682242991,0.158798283261803,0.175757575757576,0.395833333333333,1.29032258064516,0.195876288659794,1.08860759493671,0.148936170212766,0.191860465116279,0.395833333333333,0.123456790123457,0.0571428571428571,0,0.454545454545455,0.198757763975155,0.21875,0.0188679245283019,1,0.305555555555556,0.0769230769230769,0.0488888888888889,0.456521739130435,0.0188679245283019,0.395833333333333,1.05154639175258,0.0946502057613169,0.446808510638298,0.194331983805668,0.198757763975155,0.0196078431372549,1.04761904761905,1.0625,0.154929577464789,0.0352112676056338
"22",1,0.38,0.873417721518987,0.576923076923077,0.325,0.1015625,0.16,0.00881057268722467,0.2,0.075,0.069620253164557,0.147286821705426,0.0219298245614035,0.551724137931034,0.210191082802548,1.06451612903226,0.19758064516129,0.0729166666666667,1.08988764044944,0.302197802197802,1.0625,0.0192307692307692,0.0208333333333333,0.0272108843537415,0.946666666666667,0.368932038834951,1.14084507042254,0.149659863945578,0.193877551020408,0.571428571428571,1.08602150537634,0.0416666666666667,0.0631578947368421,0.214285714285714,0.192982456140351,0.0196850393700787,0.262295081967213,0.0264550264550265,0.0930232558139535,0.048,0.0329218106995885,0.0122448979591837,0.140625,0.315217391304348,1.07777777777778,0.0866666666666667,0,0.195121951219512,1.04761904761905,0.0269058295964126,0.0153846153846154,0.0357142857142857,0.105263157894737,0.0264550264550265,1.04878048780488,0.0152091254752852,0.018957345971564,1.08333333333333,0.195121951219512,0.206349206349206,0.123376623376623,0.192622950819672,0.19811320754717,0.198757763975155,0.132450331125828,0.382352941176471,0.198757763975155,0.0135135135135135,0.0329218106995885,0.196261682242991,0.026615969581749,0.422222222222222,0.395833333333333,0.206896551724138,0.0689655172413793,0.0196850393700787,1.25,0.0229885057471264,0.395833333333333,1.04819277108434,0.196261682242991,0.0117647058823529,0.153284671532847,0.0155038759689922,0.00793650793650794,0.263157894736842,0.413793103448276,0.29608938547486,0.431818181818182,1.0875,0.110787172011662,0.727272727272727,0.0220264317180617,0.0930232558139535,0.0120967741935484,0.264705882352941,0.0447761194029851,0.153284671532847,0.211864406779661,0.150862068965517
"23",0.838235294117647,0.325842696629214,0.0363636363636364,0.137254901960784,1.05813953488372,0.175757575757576,1.1,0.201612903225806,0.0135746606334842,0.0384615384615385,0.0746268656716418,0.0165289256198347,0.95959595959596,0.493506493506494,0.166666666666667,0.147286821705426,0.320754716981132,0.518518518518518,0.185185185185185,1.5,0.422222222222222,0.835820895522388,0.456521739130435,0.0681818181818182,0.0307692307692308,0.67741935483871,0.0287769784172662,1.17647058823529,0.395833333333333,0.0548523206751055,0.0142348754448399,0.191860465116279,0.928571428571429,0.266666666666667,0.0241935483870968,0.193877551020408,0.394736842105263,0.0926829268292683,0.199203187250996,0.416666666666667,0.871428571428571,0.198757763975155,1.28571428571429,0.446808510638298,0.0144404332129964,0.835820895522388,0.087719298245614,0.0117647058823529,0.193415637860082,0.193415637860082,0.422222222222222,1.14285714285714,0.0265486725663717,0.192622950819672,0.4375,0.422222222222222,1.0625,0.985915492957746,0.048,0.0452674897119342,1.17391304347826,0.0264550264550265,0.193939393939394,0.196261682242991,0.472222222222222,0.0576923076923077,1.08860759493671,0.271428571428571,1.45161290322581,0.198757763975155,0.422222222222222,1.075,0.198757763975155,0.258064516129032,0.0482456140350877,0.188679245283019,0.0142857142857143,0.315217391304348,0.177570093457944,0.0619469026548673,0.395833333333333,0.422222222222222,0.431818181818182,0,0.0310077519379845,1.02409638554217,1.10112359550562,0.106060606060606,0.191616766467066,0.016260162601626,0.136986301369863,0.062015503875969,0.536231884057971,0.421052631578947,0.196261682242991,1.02409638554217,0.0212765957446809,0.191616766467066,0.0087719298245614,1.04123711340206
"24",0.0236842105263158,0.114754098360656,1,0.0967741935483871,0.193415637860082,1.04225352112676,0.124183006535948,0.217948717948718,0.291428571428571,0.452380952380952,0.958333333333333,0.00746268656716418,0.422222222222222,0.314917127071823,0.75609756097561,0.0072992700729927,0.333333333333333,0.858490566037736,0.102040816326531,0.115384615384615,0.153284671532847,0.987179487179487,0.0290697674418605,0.9375,0.465648854961832,0.0655737704918033,0.228070175438596,0.427947598253275,0.198757763975155,0.30188679245283,0.197674418604651,1.12,0.0935960591133005,1.03149606299213,0.395833333333333,1.13157894736842,0.0233644859813084,0.966101694915254,1.04705882352941,0.0268456375838926,1.45161290322581,1.08860759493671,0.0329218106995885,0.0220264317180617,0.209039548022599,0.0240963855421687,0.805555555555556,0.422222222222222,0.0895522388059701,1.04705882352941,0.960526315789474,0.884892086330935,1.06666666666667,1.06024096385542,0.192622950819672,1.04761904761905,0.153284671532847,0.0215827338129496,0.416666666666667,0.0833333333333333,0.144230769230769,1.06024096385542,1.13157894736842,1.08860759493671,0.0451127819548872,0.195121951219512,0.0122448979591837,0.303030303030303,0.835616438356164,1.08860759493671,0.875,0.198757763975155,0.196261682242991,0.018348623853211,0.203125,1.08641975308642,1.06741573033708,0.539007092198582,0.0281124497991968,0.0181818181818182,0.0122448979591837,0.195121951219512,1.0625,0.361702127659574,0.43859649122807,0.395833333333333,0.190751445086705,0.018018018018018,0.153284671532847,0.188679245283019,0.055045871559633,1.16923076923077,0.315217391304348,1.04705882352941,1.08860759493671,0.0833333333333333,0.195121951219512,0.018957345971564,1.12,0.00806451612903226
"25",0.175925925925926,1.25,0.425,0.0451127819548872,0.034965034965035,1.1,0.0304182509505703,1,0.458823529411765,0.15,0.0465116279069767,1.07936507936508,0.0267857142857143,0.0280373831775701,0.96,1.01428571428571,1.10526315789474,0.888888888888889,0.190751445086705,0.0180995475113122,0.191616766467066,0.0213903743315508,0.314917127071823,0.1875,0.395833333333333,1.14285714285714,0.393939393939394,0.204819277108434,1.08860759493671,1.10169491525424,1,1.03571428571429,0.428571428571429,0.0196078431372549,1.14285714285714,0.195121951219512,0.988505747126437,0.451612903225806,0.00896860986547085,0.195121951219512,0.140625,0.395833333333333,0.835616438356164,0.0681818181818182,0.454545454545455,0.810344827586207,0.234567901234568,1.075,0.0276497695852535,0.0819672131147541,0.75609756097561,0.0757575757575758,0.923076923076923,0.413793103448276,0.0264550264550265,0.0833333333333333,0.422222222222222,0.016597510373444,0.0268456375838926,1.10112359550562,1,0.387096774193548,0.0122448979591837,0.0120967741935484,0.468085106382979,1.05882352941176,0.395833333333333,1.1219512195122,0.140625,0.0122448979591837,0.139737991266376,0.0194552529182879,0.0122448979591837,1.04166666666667,1.10112359550562,0.193877551020408,0.207865168539326,0.472222222222222,1.14851485148515,0.199186991869919,1.08860759493671,1.075,0.191616766467066,1.13953488372093,0.513513513513513,0.0202429149797571,0.0564516129032258,0.598425196850394,1.0625,0.196261682242991,0.277777777777778,0.176470588235294,0.0681818181818182,0.0176211453744493,0.422222222222222,0.395833333333333,0.327272727272727,0.422222222222222,0.875,0.422222222222222
"26",0.0609756097560976,0.693548387096774,0.206081081081081,0.0340425531914894,0.0078125,0.453125,0,0.117647058823529,0.0465116279069767,0.0338983050847458,2.03703703703704,0,0.159090909090909,0.225806451612903,0.518672199170125,0.5,0.564853556485356,0.281420765027322,0.483870967741935,0.0567375886524823,0.706161137440758,1.3125,0.0689655172413793,0.0196078431372549,0.578125,0.604444444444444,0.179411764705882,0.798780487804878,0.586614173228346,0.0333333333333333,0.0168539325842697,0.485355648535565,0.662983425414365,0.588235294117647,0.0729166666666667,1.3125,0.483050847457627,0.350515463917526,1.47368421052632,0.107142857142857,0.0178571428571429,0.0934579439252336,0.0124223602484472,0.072463768115942,0.884615384615385,0.727272727272727,0.0202020202020202,0.09375,2,2.03571428571429,0.0458715596330275,0.230769230769231,0.0366492146596859,0.378947368421053,0.365591397849462,0.038135593220339,0.0119760479041916,0.744186046511628,0.107142857142857,0.0173410404624277,0.297397769516729,0.365591397849462,1.3125,1.37777777777778,0.247058823529412,0.649122807017544,0.0934579439252336,0.0429184549356223,0.0181818181818182,1.3125,0.193548387096774,0.0721649484536082,0.126582278481013,0.0340425531914894,0.0116279069767442,1.3125,0.753086419753086,0.447619047619048,0.00740740740740741,1.81818181818182,0.0062111801242236,0.09375,0.707547169811321,0.043956043956044,0.0166666666666667,0.0879120879120879,0.435555555555556,1.3695652173913,0.707547169811321,1.3125,0.103092783505155,0.419753086419753,1.31914893617021,0.0323886639676113,0.0062111801242236,0.584313725490196,0.107142857142857,0.1125,0.929577464788732,1.04929577464789
"27",6,0.01,0.0379746835443038,2.15384615384615,1.525,0.6484375,0.16,0.568281938325991,1.63333333333333,0.525,0.215189873417722,0.744186046511628,0.649122807017544,2,0.0127388535031847,0.161290322580645,0.0403225806451613,0.885416666666667,0.112359550561798,0.0164835164835165,0.1125,0.569230769230769,0.1875,0.23469387755102,0.106666666666667,0.029126213592233,0.0985915492957746,0.054421768707483,0.0714285714285714,0.0357142857142857,0.10752688172043,0.6,0.389473684210526,1.67857142857143,0.0116959064327485,0.586614173228346,0.00546448087431694,0.64021164021164,0.534883720930233,0.448,0.497942386831276,0.595918367346939,0.75,0.016304347826087,0.0888888888888889,0.72,0.556213017751479,0.00609756097560976,0.107142857142857,0.641255605381166,0.565384615384615,0.875,0.710526315789474,0.634920634920635,0.109756097560976,0.566539923954373,0.706161137440758,0.133333333333333,0.0284552845528455,1.19047619047619,0.792207792207792,0.0286885245901639,0.0943396226415094,0.0062111801242236,0.033112582781457,1.67647058823529,0.0062111801242236,0.567567567567568,0.497942386831276,0.0934579439252336,0.574144486692015,1.37777777777778,1.3125,1.6551724137931,0.436781609195402,0.586614173228346,2.25,0.614942528735632,1.3125,0.108433734939759,0.0934579439252336,0.580392156862745,0.0583941605839416,0.573643410852713,0.0793650793650794,0.0116959064327485,1.96551724137931,0.0223463687150838,1.38636363636364,0.1125,0.192419825072886,0.939393939393939,0.572687224669604,0.534883720930233,0.592741935483871,0.00588235294117647,0.567164179104478,0.0583941605839416,0.0423728813559322,0.0344827586206897
"28",0.0735294117647059,0.280898876404494,0.612121212121212,0.0326797385620915,0.127906976744186,0.0181818181818182,0.2,0.0403225806451613,0.565610859728507,0.747252747252747,0.544776119402985,0.5,0.0303030303030303,0.0649350649350649,0.738095238095238,0.744186046511628,0.509433962264151,1.14814814814815,0.839506172839506,1.77777777777778,1.37777777777778,0.0746268656716418,1.3695652173913,0.568181818181818,0.0153846153846154,0.129032258064516,0.58273381294964,1,1.3125,0.831223628691983,0.476868327402135,0.0116279069767442,0.0714285714285714,0.6,0.600806451612903,0.0714285714285714,1.57894736842105,0.0341463414634146,0.0398406374501992,1.63888888888889,0.0285714285714286,0.0062111801242236,0.257142857142857,1.31914893617021,0.48014440433213,0.0298507462686567,0.912280701754386,0.580392156862745,0.0288065843621399,0.0288065843621399,1.37777777777778,2.21428571428571,0.619469026548673,0.0286885245901639,1.875,1.37777777777778,0.1125,0.028169014084507,0.448,0.477366255144033,0.144927536231884,0.634920634920635,0.00606060606060606,0.0934579439252336,1.63888888888889,0.432692307692308,0.126582278481013,0.471428571428571,0.258064516129032,0.0062111801242236,1.37777777777778,0.125,0.0062111801242236,0.596774193548387,0.456140350877193,0.00628930817610063,0.475,0.0326086956521739,0.0747663551401869,0.495575221238938,1.3125,1.37777777777778,1.38636363636364,0.0398009950248756,1.05426356589147,0.120481927710843,0.112359550561798,0.378787878787879,0.0119760479041916,0.597560975609756,0.794520547945205,0.697674418604651,0.072463768115942,1.47368421052632,0.0934579439252336,0.120481927710843,0.664893617021277,0.0119760479041916,0.565789473684211,0.103092783505155
"29",0.315789473684211,0.901639344262295,0.1,0.258064516129032,0.0288065843621399,0.0704225352112676,0.790849673202614,0.884615384615385,0,1.4047619047619,0.075,0.0223880597014925,1.37777777777778,0.0276243093922652,0.146341463414634,0.0218978102189781,2.08333333333333,0.0377358490566038,0.591836734693878,0.717948717948718,0.0583941605839416,0.0769230769230769,0.779069767441861,0.1875,0.0687022900763359,0.819672131147541,0.421052631578947,0.0218340611353712,0.0062111801242236,0.0566037735849057,0.825581395348837,1.48,0.0295566502463054,0.0708661417322835,1.3125,0.131578947368421,0.481308411214953,0.076271186440678,0.117647058823529,0.664429530201342,0.258064516129032,0.126582278481013,0.497942386831276,0.572687224669604,0.0169491525423729,0.286144578313253,0.75,1.37777777777778,0.194029850746269,0.117647058823529,0.0657894736842105,0.0431654676258993,0.866666666666667,0.120481927710843,0.0286885245901639,0.107142857142857,0.0583941605839416,0.0215827338129496,1.63888888888889,0.361111111111111,0.153846153846154,0.120481927710843,0.131578947368421,0.126582278481013,1.03007518796992,0.0284552845528455,0.595918367346939,1.66666666666667,0.0273972602739726,0.126582278481013,0.0416666666666667,0.0062111801242236,0.0934579439252336,0.587155963302752,1.1875,0.123456790123457,0.0674157303370786,0.0780141843971631,0.598393574297189,0.575757575757576,0.595918367346939,0.00609756097560976,0.1125,1.31914893617021,1.24561403508772,1.3125,0.0173410404624277,0.576576576576577,0.0583941605839416,0.00628930817610063,0.495412844036697,0.0615384615384615,0.016304347826087,0.117647058823529,0.126582278481013,0.0833333333333333,0.0284552845528455,0.706161137440758,0.84,0.00806451612903226
"30",0.814814814814815,4.5,1.475,1.03007518796992,1.04895104895105,1.15,0.315589353612167,6,0.588235294117647,0.0428571428571429,0.581395348837209,0.158730158730159,0.0446428571428571,0.668224299065421,0.0533333333333333,0,0.105263157894737,0.155555555555556,0.0173410404624277,0.592760180995475,0.0119760479041916,0.0427807486631016,0.0276243093922652,1.171875,1.3125,2.21428571428571,1.72727272727273,0.831325301204819,0.126582278481013,0.322033898305085,6,0.0357142857142857,1.65714285714286,0.0392156862745098,0.116883116883117,0.00609756097560976,0.103448275862069,1.90322580645161,0.587443946188341,0.0284552845528455,0.75,1.3125,0.0273972602739726,0.568181818181818,0.909090909090909,0.0172413793103448,0.62962962962963,0.125,0.658986175115207,0.213114754098361,0.146341463414634,0.568181818181818,0.0256410256410256,1.96551724137931,0.634920634920635,0.0833333333333333,1.37777777777778,0.50207468879668,0.664429530201342,0.112359550561798,0.0454545454545455,1.90322580645161,0.595918367346939,0.592741935483871,0.0340425531914894,0.117647058823529,1.3125,0.0731707317073171,0.75,0.595918367346939,0.0349344978165939,0.583657587548638,0.595918367346939,0.09375,0.112359550561798,0.0714285714285714,0.0168539325842697,1.63888888888889,0.0891089108910891,0.040650406504065,0.126582278481013,0.125,0.0119760479041916,0.186046511627907,0.0675675675675676,0.595141700404858,0.5,0.078740157480315,0.1125,0.0934579439252336,2.33333333333333,0.0176470588235294,0.568181818181818,0.585903083700441,1.37777777777778,1.3125,0.927272727272727,1.37777777777778,0.05,1.37777777777778
"31",0.573170731707317,0.0591397849462366,0.0337837837837838,0.165957446808511,0.3125,0.08984375,0,0.494117647058824,0.325581395348837,0.169491525423729,0.444444444444444,0.166666666666667,0.25,0.838709677419355,0.045643153526971,0.0537190082644628,0.150627615062762,0.114754098360656,0.0564516129032258,0.312056737588652,0.199052132701422,0.604166666666667,0.331034482758621,0.392156862745098,0.15625,0.16,0.0617647058823529,0.25,0.153543307086614,0.0380952380952381,0.0337078651685393,0.0418410041841004,0.0552486187845304,0.190045248868778,0.197916666666667,0.604166666666667,0.372881355932203,0.577319587628866,0.684210526315789,0.5,0.0357142857142857,0.14018691588785,0.0372670807453416,0.36231884057971,0.0769230769230769,0.787878787878788,0.148148148148148,0.15625,0.344827586206897,0.285714285714286,0.0275229357798165,0.0334448160535117,0.0366492146596859,0.568421052631579,0.56989247311828,0.0550847457627119,0.0359281437125748,0.457364341085271,0.5,0.0346820809248555,0.0371747211895911,0.56989247311828,0.604166666666667,0.6,0.482352941176471,0.0584795321637427,0.14018691588785,0.0300429184549356,0.0363636363636364,0.604166666666667,0.419354838709677,0.154639175257732,0.544303797468354,0.0340425531914894,0.0348837209302326,0.604166666666667,0.333333333333333,0.39047619047619,0.0444444444444444,0.454545454545455,0.0372670807453416,0.15625,0.19811320754717,0.340659340659341,0.0666666666666667,0.032967032967033,0.0266666666666667,0.608695652173913,0.19811320754717,0.604166666666667,0.556701030927835,0.0905349794238683,0.638297872340426,0.0809716599190283,0.0372670807453416,0.156862745098039,0.5,0.525,0.295774647887324,0.0563380281690141
"32",0.5,0.156666666666667,0,0.307692307692308,0.55,0.4609375,0.14,0.180616740088106,0.633333333333333,0.025,0.069620253164557,0.457364341085271,0.184210526315789,0.310344827586207,0.0445859872611465,0.67741935483871,0.0766129032258065,0.0729166666666667,0.617977528089888,0.0714285714285714,0.525,0.157692307692308,0.03125,0.0306122448979592,0.186666666666667,0.15210355987055,0.47887323943662,0.108843537414966,0.153061224489796,0,0.580645161290323,0.433333333333333,0.431578947368421,0.678571428571429,0.0409356725146199,0.153543307086614,0.0327868852459016,0.0264550264550265,0.0232558139534884,0.36,0.0493827160493827,0.159183673469388,0.4609375,0.0597826086956522,0.588888888888889,0.42,0.183431952662722,0.0365853658536585,0.5,0.0493273542600897,0.165384615384615,0.142857142857143,0.631578947368421,0.0317460317460317,0.5,0.163498098859316,0.199052132701422,0.7,0.0813008130081301,0.126984126984127,0.428571428571429,0.0778688524590164,0.141509433962264,0.0372670807453416,0.158940397350993,0.558823529411765,0.0372670807453416,0.162162162162162,0.0493827160493827,0.14018691588785,0.163498098859316,0.6,0.604166666666667,0.655172413793103,0.666666666666667,0.153543307086614,0.416666666666667,0.0517241379310345,0.604166666666667,0.506024096385542,0.14018691588785,0.16078431372549,0.109489051094891,0.162790697674419,0.246031746031746,0.0292397660818713,0.448275862068966,0.0614525139664804,0.613636363636364,0.525,0.0291545189504373,0.696969696969697,0.176211453744493,0.0232558139534884,0.165322580645161,0.0294117647058824,0.746268656716418,0.109489051094891,0.0805084745762712,0.0301724137931034
"33",0.117647058823529,0.696629213483146,0.254545454545455,0.163398692810458,0.5,0.0363636363636364,0.84,0.0766129032258065,0.176470588235294,0.230769230769231,0.440298507462687,0.0537190082644628,0.434343434343434,0.311688311688312,0.468253968253968,0.457364341085271,0.566037735849057,1.03703703703704,0.679012345679012,0.555555555555556,0.6,0.0895522388059701,0.608695652173913,0.409090909090909,0.0538461538461538,1.03225806451613,0.266187050359712,0.823529411764706,0.604166666666667,0.257383966244726,0.149466192170818,0.0348837209302326,0.333333333333333,0.15,0.161290322580645,0.153061224489796,0.552631578947368,0.0975609756097561,0.0796812749003984,0.527777777777778,0.585714285714286,0.0372670807453416,0.4,0.638297872340426,0.133574007220217,0.477611940298507,0.210526315789474,0.16078431372549,0.0781893004115226,0.0781893004115226,0.6,0.428571428571429,0.0619469026548673,0.0778688524590164,0.40625,0.6,0.525,0.169014084507042,0.36,0.0246913580246914,0.536231884057971,0.0317460317460317,0.0363636363636364,0.14018691588785,0.555555555555556,0.394230769230769,0.544303797468354,0.328571428571429,0.451612903225806,0.0372670807453416,0.6,0.5375,0.0372670807453416,0.145161290322581,0.0175438596491228,0.0377358490566038,0.15,0.0760869565217391,0.186915887850467,0.442477876106195,0.604166666666667,0.6,0.613636363636364,0.0348258706467662,0.062015503875969,0.662650602409639,0.606741573033708,0.136363636363636,0.0359281437125748,0.16260162601626,0.0410958904109589,0.37984496124031,0.36231884057971,0.684210526315789,0.14018691588785,0.662650602409639,0.0691489361702128,0.0359281437125748,0.18859649122807,0.56701030927835
"34",0.107894736842105,0.163934426229508,0.9,0.559139784946237,0.0781893004115226,0.422535211267606,0.431372549019608,0.371794871794872,0.0628571428571429,0.642857142857143,0.316666666666667,0.0447761194029851,0.6,0.0718232044198895,0.219512195121951,0.0437956204379562,0.416666666666667,0.39622641509434,0.0408163265306122,0.333333333333333,0.109489051094891,0.628205128205128,0.232558139534884,0.291666666666667,0.320610687022901,0.180327868852459,0.385964912280702,0.148471615720524,0.0372670807453416,0.132075471698113,0.337209302325581,0.6,0.0985221674876847,0.425196850393701,0.604166666666667,0.565789473684211,0.0280373831775701,0.322033898305085,0.505882352941176,0.0402684563758389,0.451612903225806,0.544303797468354,0.0493827160493827,0.176211453744493,0.0338983050847458,0.0331325301204819,0.916666666666667,0.6,0.746268656716418,0.505882352941176,0.618421052631579,0.366906474820144,0.8,0.493975903614458,0.0778688524590164,0.5,0.109489051094891,0.0431654676258993,0.527777777777778,0.805555555555556,0.182692307692308,0.493975903614458,0.565789473684211,0.544303797468354,0.0601503759398496,0.0813008130081301,0.159183673469388,0.575757575757576,0.561643835616438,0.544303797468354,0.597222222222222,0.0372670807453416,0.14018691588785,0.192660550458716,0.15625,0.530864197530864,0.584269662921348,0.340425531914894,0.160642570281124,0.0363636363636364,0.159183673469388,0.0365853658536585,0.525,0.617021276595745,0.578947368421053,0.604166666666667,0.0346820809248555,0.162162162162162,0.109489051094891,0.0377358490566038,0.513761467889908,0.492307692307692,0.0597826086956522,0.505882352941176,0.544303797468354,0.0357142857142857,0.0813008130081301,0.199052132701422,0.84,0.282258064516129
"35",0.324074074074074,0.5,0.65,0.0601503759398496,0.0559440559440559,0.7,0.0380228136882129,0.5,0.247058823529412,0.157142857142857,0.0232558139534884,0.666666666666667,0.0401785714285714,0.0467289719626168,0.613333333333333,0.171428571428571,0.486842105263158,0.288888888888889,0.0346820809248555,0.176470588235294,0.0359281437125748,0.0374331550802139,0.0718232044198895,0.234375,0.604166666666667,0.428571428571429,0.545454545454545,0.325301204819277,0.544303797468354,0.830508474576271,0.5,0.583333333333333,0.542857142857143,0.0392156862745098,0.480519480519481,0.0365853658536585,0.632183908045977,0.419354838709677,0.188340807174888,0.0813008130081301,0.4609375,0.604166666666667,0.561643835616438,0.0227272727272727,0.727272727272727,0,0.148148148148148,0.5375,0.0506912442396313,0.836065573770492,0.219512195121951,0.431818181818182,0.333333333333333,0.413793103448276,0.0317460317460317,0.583333333333333,0.6,0.0539419087136929,0.0402684563758389,0.606741573033708,0,0.419354838709677,0.159183673469388,0.165322580645161,0.165957446808511,0.494117647058824,0.604166666666667,0.573170731707317,0.4609375,0.159183673469388,0.0262008733624454,0.159533073929961,0.159183673469388,0.5625,0.606741573033708,0.153061224489796,0.0337078651685393,0.555555555555556,0.366336633663366,0.0772357723577236,0.544303797468354,0.5375,0.0359281437125748,0.534883720930233,0.324324324324324,0.161943319838057,0.42741935483871,0.377952755905512,0.525,0.14018691588785,0.5,0.0352941176470588,0.0227272727272727,0.185022026431718,0.6,0.604166666666667,0.127272727272727,0.6,0.35,0.6
"36",0.853658536585366,0.0698924731182796,0.422297297297297,1.25106382978723,0.1171875,0.03515625,1.48648648648649,1.57647058823529,0.426356589147287,1.25,1,0.763888888888889,2.38636363636364,0.145161290322581,0.037344398340249,0.0371900826446281,0.0418410041841004,0.341530054644809,0.032258064516129,0.432624113475177,0.0900473933649289,0.6875,0.468965517241379,0.823529411764706,0.06640625,0.0711111111111111,0.529411764705882,0.103658536585366,0.0708661417322835,0.704761904761905,1.1123595505618,0.0376569037656904,0.0773480662983425,0.0633484162895928,0.145833333333333,0.6875,0.144067796610169,0.22680412371134,0.789473684210526,1.57142857142857,1.10119047619048,0.0841121495327103,1.08074534161491,0.521739130434783,0.0769230769230769,2.18181818181818,0.895622895622896,0.0520833333333333,1,1.03571428571429,0.68348623853211,0.404682274247492,0.62303664921466,0.189473684210526,0.193548387096774,0.699152542372881,1.11377245508982,0.302325581395349,1.57142857142857,1.14450867052023,0.561338289962825,0.193548387096774,0.6875,0.733333333333333,0.164705882352941,0.0526315789473684,0.0841121495327103,0.742489270386266,1.1030303030303,0.6875,2.54838709677419,0.0824742268041237,1.53164556962025,0.740425531914894,1.13953488372093,0.6875,0.148148148148148,0.123809523809524,1.11851851851852,0.878787878787879,1.11801242236025,0.0520833333333333,0.089622641509434,0.769230769230769,1.27777777777778,0.0769230769230769,0.0311111111111111,0.782608695652174,0.089622641509434,0.6875,1.38144329896907,0.0288065843621399,0.851063829787234,0.708502024291498,1.11801242236025,0.0745098039215686,1.57142857142857,1.525,0.197183098591549,0.0915492957746479
"37",5.5,0.923333333333333,1.51898734177215,1.19230769230769,0.675,0.1484375,0.1,0.079295154185022,0.466666666666667,0.15,0.401898734177215,0.302325581395349,0.0789473684210526,1.10344827586207,0.961783439490446,1.7258064516129,0.705645161290323,0.145833333333333,1.28089887640449,1.27472527472527,1.525,0.0730769230769231,0.0625,0.414965986394558,1.82666666666667,0.899676375404531,1.67605633802817,0.0204081632653061,0.0918367346938776,2.32142857142857,1.23655913978495,0.075,0.126315789473684,0.5,0.994152046783626,0.0708661417322835,1.14207650273224,0.0634920634920635,0.162790697674419,0.152,0.037037037037037,0.073469387755102,0.2734375,1.23913043478261,1.21111111111111,0.14,0.0414201183431953,1.11585365853659,1.57142857142857,0.0941704035874439,0.0692307692307692,0.0357142857142857,0.157894736842105,0.0634920634920635,1.58536585365854,0.0874524714828897,0.0900473933649289,1.76666666666667,0.711382113821138,0.476190476190476,0.25974025974026,0.704918032786885,0.0754716981132075,1.11801242236025,0.0529801324503311,0.794117647058823,1.11801242236025,0.0405405405405405,0.037037037037037,0.0841121495327103,0.0798479087452472,0.733333333333333,0.6875,0.482758620689655,0.149425287356322,0.0708661417322835,2.83333333333333,0.0459770114942529,0.6875,1.57831325301205,0.0841121495327103,0.0705882352941176,0.0072992700729927,0.0775193798449612,0.0476190476190476,1.21637426900585,0.931034482758621,1.27374301675978,0.75,1.55,0.524781341107872,1.63636363636364,0.066079295154185,0.162790697674419,0.0725806451612903,1.21176470588235,0.104477611940299,0.0072992700729927,0.63135593220339,0.737068965517241
"38",1.82352941176471,0.48314606741573,0.109090909090909,0.0588235294117647,1.56976744186047,1.08484848484848,1.52,0.701612903225806,0.0316742081447964,0.0934065934065934,0.171641791044776,0.0371900826446281,0.838383838383838,0.441558441558442,0.325396825396825,0.302325581395349,0.679245283018868,1,0.358024691358025,2.44444444444444,0.733333333333333,1.80597014925373,0.782608695652174,0.136363636363636,0.884615384615385,0.806451612903226,0.0647482014388489,2.11764705882353,0.6875,0.113924050632911,0.0462633451957295,1.13953488372093,1.48412698412698,0.45,0.0766129032258065,0.0918367346938776,0.763157894736842,0.580487804878049,0.705179282868526,0.805555555555556,0.742857142857143,1.11801242236025,2.51428571428571,0.851063829787234,0.0324909747292419,0.73134328358209,0.105263157894737,0.0705882352941176,0.699588477366255,0.699588477366255,0.733333333333333,2.5,0.0929203539823009,0.704918032786885,0.90625,0.733333333333333,1.525,0.71830985915493,0.152,0.037037037037037,1.71014492753623,0.0634920634920635,1.13333333333333,0.0841121495327103,0.888888888888889,0.153846153846154,1.53164556962025,0.614285714285714,2.58064516129032,1.11801242236025,0.733333333333333,1.525,1.11801242236025,0.467741935483871,0.0307017543859649,1.10691823899371,0.0464285714285714,1.30434782608696,0.130841121495327,0.150442477876106,0.6875,0.733333333333333,0.75,0.736318407960199,0.0775193798449612,1.1566265060241,1.29213483146067,0.303030303030303,1.11377245508982,0.0772357723577236,0.287671232876712,0.0930232558139535,0.521739130434783,0.789473684210526,0.0841121495327103,1.1566265060241,0.0691489361702128,1.11377245508982,0.0789473684210526,1.37113402061856
"39",0.334210526315789,0.245901639344262,1.11666666666667,0.150537634408602,0.699588477366255,1.54929577464789,0.261437908496732,0.307692307692308,1.25714285714286,0.80952380952381,1.50833333333333,1.11194029850746,0.733333333333333,1.30939226519337,2.41463414634146,1.10948905109489,0.75,0.830188679245283,0.244897959183673,0.141025641025641,0.0072992700729927,0.884615384615385,0.0872093023255814,2.375,0.450381679389313,0.114754098360656,0.456140350877193,1.22707423580786,1.11801242236025,0.245283018867925,0.27906976744186,2.04,0.586206896551724,1.25984251968504,0.6875,1.51315789473684,0.0560747663551402,1.51694915254237,1.56470588235294,0.0402684563758389,2.58064516129032,1.53164556962025,0.037037037037037,0.066079295154185,1.11864406779661,0.370481927710843,1.44444444444444,0.733333333333333,0.134328358208955,1.56470588235294,0.815789473684211,1.30935251798561,1.8,1.59036144578313,0.704918032786885,1.57142857142857,0.0072992700729927,1.12230215827338,0.805555555555556,0.125,0.134615384615385,1.59036144578313,1.51315789473684,1.53164556962025,0.0977443609022556,0.711382113821138,0.073469387755102,0.606060606060606,0.753424657534247,1.53164556962025,0.736111111111111,1.11801242236025,0.0841121495327103,0.055045871559633,0.46875,1.54320987654321,1.1685393258427,0.482269503546099,0.0803212851405622,0.0666666666666667,0.073469387755102,1.11585365853659,1.525,0.659574468085106,0.824561403508772,0.6875,1.14450867052023,0.0405405405405405,0.0072992700729927,1.10691823899371,0.119266055045872,1.49230769230769,1.23913043478261,1.56470588235294,1.53164556962025,0.0833333333333333,0.711382113821138,0.0900473933649289,1.92,0.0887096774193548
"40",0.268518518518519,3.25,0.775,0.0977443609022556,0.0979020979020979,2.2,0.475285171102662,5.5,0.764705882352941,0.0642857142857143,0.0697674418604651,1.73015873015873,0.544642857142857,0.0700934579439252,0.813333333333333,0.771428571428571,1.60526315789474,2.37777777777778,1.14450867052023,0.0588235294117647,1.11377245508982,0.636363636363636,1.30386740331492,0.359375,0.6875,2.5,0.818181818181818,0.289156626506024,1.53164556962025,1.61016949152542,5.5,1.14285714285714,0.828571428571429,0.715686274509804,1.62337662337662,1.13414634146341,1.08045977011494,0.935483870967742,0.062780269058296,0.711382113821138,0.2734375,0.6875,0.753424657534247,0.136363636363636,0.931818181818182,1.6551724137931,0.37037037037037,1.525,0.0967741935483871,0.131147540983607,2.41463414634146,0.159090909090909,1.32478632478632,0.931034482758621,0.0634920634920635,0.666666666666667,0.733333333333333,0.037344398340249,0.0402684563758389,1.29213483146067,0.863636363636364,0.870967741935484,0.073469387755102,0.0725806451612903,1.25106382978723,1.57647058823529,0.6875,1.41463414634146,0.2734375,0.073469387755102,0.764192139737991,0.0700389105058366,0.073469387755102,1.375,1.29213483146067,0.0918367346938776,1.1123595505618,0.888888888888889,1.41584158415842,0.703252032520325,1.53164556962025,1.525,1.11377245508982,2.13953488372093,0.459459459459459,0.0688259109311741,0.112903225806452,0.535433070866142,1.525,0.0841121495327103,0.722222222222222,1.12352941176471,0.136363636363636,0.0704845814977974,0.733333333333333,0.6875,0.618181818181818,0.733333333333333,1.65,0.733333333333333
"41",0.170731707317073,1.04301075268817,0.35472972972973,0.0553191489361702,1.4921875,0.6796875,0.027027027027027,0.223529411764706,0.0542635658914729,0.0593220338983051,3.85185185185185,0.0138888888888889,0.181818181818182,2.06451612903226,0.796680497925311,0.760330578512397,1.35564853556485,0.590163934426229,0.741935483870968,0.0851063829787234,1.45497630331754,3.29166666666667,0.096551724137931,0.0980392156862745,1.35546875,1.20888888888889,0.294117647058824,1.32926829268293,1.35826771653543,0.261904761904762,0.0449438202247191,0.723849372384937,1.03867403314917,1.24434389140271,0.177083333333333,3.29166666666667,1.3135593220339,1.61855670103093,3.5,0.202380952380952,0.0476190476190476,0.11214953271028,0.0434782608695652,0.101449275362319,2.80769230769231,1.03030303030303,0.0101010101010101,0.0416666666666667,3.72413793103448,3.71428571428571,0.018348623853211,0.377926421404682,0.0104712041884817,1.65263157894737,1.62365591397849,0.00847457627118644,0.0419161676646707,2.48837209302326,0.202380952380952,0.046242774566474,0.513011152416357,1.62365591397849,3.29166666666667,3.37777777777778,1.98823529411765,1.08187134502924,0.11214953271028,0.0171673819742489,0.0484848484848485,3.29166666666667,0.193548387096774,0.0412371134020619,0.215189873417722,0.0212765957446809,0.0406976744186047,3.29166666666667,2.60493827160494,1.95238095238095,0.0444444444444444,3.6969696969697,0.0434782608695652,0.0416666666666667,1.45754716981132,0.043956043956044,0.0333333333333333,0.120879120879121,0.688888888888889,3.32608695652174,1.45754716981132,3.29166666666667,0.195876288659794,0.654320987654321,3.17021276595745,0.0202429149797571,0.0434782608695652,1.35686274509804,0.202380952380952,0.2125,2.77464788732394,1.24647887323944
"42",7.5,0.0233333333333333,0.0506329113924051,3.65384615384615,3.55,2.4140625,0.21,1.25991189427313,4.06666666666667,2.175,0.354430379746835,2.48837209302326,1.42105263157895,3.62068965517241,0.0382165605095541,0.306451612903226,0.0201612903225806,2.14583333333333,0.202247191011236,0.043956043956044,0.2125,1.35,1.39583333333333,0.387755102040816,0.12,0.0226537216828479,0.0845070422535211,0.401360544217687,0.0510204081632653,0.0714285714285714,0.204301075268817,2.41666666666667,2.05263157894737,4.10714285714286,0.0409356725146199,1.35826771653543,0.0163934426229508,1.28571428571429,2.18604651162791,1.72,0.757201646090535,1.37959183673469,2.5,0.0434782608695652,0.166666666666667,2.24666666666667,1.26627218934911,0.0426829268292683,0.202380952380952,1.26008968609865,1.36923076923077,2.82142857142857,2.80263157894737,1.28571428571429,0.195121951219512,1.36501901140684,1.45497630331754,0.266666666666667,0.024390243902439,2.85714285714286,2.2987012987013,0.0122950819672131,0.113207547169811,0.0434782608695652,0.43046357615894,3.67647058823529,0.0434782608695652,1.38738738738739,0.757201646090535,0.11214953271028,1.3574144486692,3.37777777777778,3.29166666666667,4.10344827586207,1.80459770114943,1.35826771653543,2.91666666666667,0.994252873563218,3.29166666666667,0.204819277108434,0.11214953271028,1.37647058823529,0.357664233576642,1.36046511627907,1.50793650793651,0.0409356725146199,3.79310344827586,0.0446927374301676,3.40909090909091,0.2,0.323615160349854,1.78787878787879,1.17180616740088,2.18604651162791,1.38709677419355,0.0352941176470588,2.70149253731343,0.357664233576642,0.0127118644067797,0.00862068965517241
"43",0.0735294117647059,1.58426966292135,1.61818181818182,0.437908496732026,0.232558139534884,0.0484848484848485,0.36,0.0161290322580645,1.19457013574661,1.3021978021978,1.54477611940298,0.760330578512397,0.111111111111111,0.142857142857143,2.5,2.48837209302326,1.67924528301887,3.37037037037037,2.7037037037037,2.22222222222222,3.37777777777778,0.0895522388059701,3.32608695652174,1.5530303030303,0.0384615384615385,1.48387096774194,1.71223021582734,1.64705882352941,3.29166666666667,1.81856540084388,0.943060498220641,0.0406976744186047,0.150793650793651,2,1.36693548387097,0.0510204081632653,3.60526315789474,0.0146341463414634,0.0278884462151394,3.63888888888889,0.157142857142857,0.0434782608695652,0.285714285714286,3.17021276595745,0.924187725631769,0.0597014925373134,2.91228070175439,1.37647058823529,0.00823045267489712,0.00823045267489712,3.37777777777778,2.78571428571429,1.19469026548673,0.0122950819672131,3.71875,3.37777777777778,0.2125,0.0563380281690141,1.72,0.740740740740741,0.188405797101449,1.28571428571429,0.0424242424242424,0.11214953271028,3.55555555555556,1.90384615384615,0.215189873417722,1.24285714285714,0.290322580645161,0.0434782608695652,3.37777777777778,0.225,0.0434782608695652,1.95161290322581,0.723684210526316,0.0440251572327044,0.942857142857143,0.0597826086956522,0.158878504672897,1.49557522123894,3.29166666666667,3.37777777777778,3.40909090909091,0.0248756218905473,1.17829457364341,0.216867469879518,0.213483146067416,0.863636363636364,0.0419161676646707,1.3780487804878,1.91780821917808,2.34108527131783,0.101449275362319,3.5,0.11214953271028,0.216867469879518,1.07978723404255,0.0419161676646707,1.26315789473684,0.185567010309278
"44",0.605263157894737,2.72131147540984,0.25,2.1505376344086,0.00823045267489712,0.0845070422535211,2.30065359477124,2.66666666666667,0.0285714285714286,3.35714285714286,0.116666666666667,0.0522388059701493,3.37777777777778,0.0497237569060773,0.146341463414634,0.0510948905109489,4.33333333333333,0.10377358490566,2.10204081632653,2.62820512820513,0.357664233576642,0.192307692307692,1.29651162790698,0.229166666666667,0.099236641221374,2.75409836065574,1.15789473684211,0.0393013100436681,0.0434782608695652,0.10377358490566,2.61627906976744,2.08,0.0147783251231527,0.133858267716535,3.29166666666667,0.223684210526316,1.02803738317757,0.110169491525424,0.211764705882353,1.09395973154362,0.290322580645161,0.215189873417722,0.757201646090535,1.17180616740088,0.0451977401129944,0.463855421686747,1.97222222222222,3.37777777777778,1.94029850746269,0.211764705882353,0.184210526315789,0.107913669064748,1.46666666666667,0.216867469879518,0.0122950819672131,0.202380952380952,0.357664233576642,0.0503597122302158,3.63888888888889,2.01388888888889,0.25,0.216867469879518,0.223684210526316,0.215189873417722,1.18045112781955,0.0203252032520325,1.37959183673469,3.87878787878788,0.150684931506849,0.215189873417722,0.166666666666667,0.0434782608695652,0.11214953271028,1.23853211009174,2.875,0.209876543209877,0.157303370786517,0.106382978723404,1.36546184738956,1.33939393939394,1.37959183673469,0.0426829268292683,0.2125,3.31914893617021,2.94736842105263,3.29166666666667,0.046242774566474,1.36486486486486,0.357664233576642,0.0440251572327044,1.61467889908257,0.0615384615384615,0.0434782608695652,0.211764705882353,0.215189873417722,0.0476190476190476,0.0203252032520325,1.45497630331754,1.52,1.4758064516129
"45",2.48148148148148,6,3.525,1.18045112781955,1.23776223776224,1.75,0.52851711026616,7.5,1.57647058823529,0.378571428571429,2.2093023255814,0.301587301587302,0.165178571428571,1.25233644859813,0.173333333333333,0.0142857142857143,0.131578947368421,0.177777777777778,0.046242774566474,1.20814479638009,0.0419161676646707,0.0106951871657754,0.0441988950276243,3,3.29166666666667,2.78571428571429,3.6969696969697,2.62650602409639,0.215189873417722,0.559322033898305,7.5,0.119047619047619,3.62857142857143,0.0245098039215686,0.142857142857143,0.0426829268292683,0.195402298850575,3.74193548387097,1.25560538116592,0.024390243902439,2.5,3.29166666666667,0.150684931506849,2.15909090909091,2.43181818181818,0.0517241379310345,0.962962962962963,0.225,1.26728110599078,2.08196721311475,0.146341463414634,1.56818181818182,0.0256410256410256,3.82758620689655,1.28571428571429,0.166666666666667,3.37777777777778,0.763485477178423,1.09395973154362,0.213483146067416,0.0227272727272727,3.7741935483871,1.37959183673469,1.38709677419355,0.0553191489361702,0.223529411764706,3.29166666666667,0.0609756097560976,2.5,1.37959183673469,0.0218340611353712,1.36575875486381,1.37959183673469,0.177083333333333,0.213483146067416,0.0510204081632653,0.0449438202247191,3.55555555555556,0.108910891089109,0.0121951219512195,0.215189873417722,0.225,0.0419161676646707,0.372093023255814,0.108108108108108,1.36842105263158,1.93548387096774,0.0866141732283465,0.2125,0.11214953271028,4.77777777777778,0.0470588235294118,2.15909090909091,1.24229074889868,3.37777777777778,3.29166666666667,2.29090909090909,3.37777777777778,0.075,3.37777777777778
